id,created_at,year
1995403,2025-06-17T04:55:06.582Z,2025
1994695,2025-06-16T17:00:19.602Z,2025
1993177,2025-06-16T09:55:06.210Z,2025
1991992,2025-06-15T21:35:06.947Z,2025
1991794,2025-06-15T17:15:04.594Z,2025
1990282,2025-06-14T00:15:09.016Z,2025
1989205,2025-06-13T12:20:17.727Z,2025
1989190,2025-06-13T12:15:10.486Z,2025
1987099,2025-06-12T14:15:06.993Z,2025
1986532,2025-06-12T11:43:27.416Z,2025
1985586,2025-06-12T06:40:10.573Z,2025
1985576,2025-06-12T06:35:05.786Z,2025
1985555,2025-06-12T06:20:25.927Z,2025
1985543,2025-06-12T06:15:07.641Z,2025
1985511,2025-06-12T06:00:05.912Z,2025
1985507,2025-06-12T05:55:14.139Z,2025
1985499,2025-06-12T05:40:16.341Z,2025
1985498,2025-06-12T05:35:05.777Z,2025
1985488,2025-06-12T05:20:21.969Z,2025
1985484,2025-06-12T05:15:10.583Z,2025
1985468,2025-06-12T05:00:12.916Z,2025
1985467,2025-06-12T04:55:13.013Z,2025
1985445,2025-06-12T04:40:09.013Z,2025
1985440,2025-06-12T04:35:24.139Z,2025
1985431,2025-06-12T04:20:18.629Z,2025
1985425,2025-06-12T04:15:22.525Z,2025
1985412,2025-06-12T04:00:16.815Z,2025
1985411,2025-06-12T03:55:20.236Z,2025
1985404,2025-06-12T03:40:13.095Z,2025
1985401,2025-06-12T03:35:10.367Z,2025
1985394,2025-06-12T03:20:12.840Z,2025
1985391,2025-06-12T03:15:05.483Z,2025
1985378,2025-06-12T03:00:14.336Z,2025
1985377,2025-06-12T02:55:30.070Z,2025
1985367,2025-06-12T02:40:08.862Z,2025
1985360,2025-06-12T02:35:09.714Z,2025
1985354,2025-06-12T02:20:16.825Z,2025
1985351,2025-06-12T02:15:11.084Z,2025
1985335,2025-06-12T02:00:08.201Z,2025
1985334,2025-06-12T01:55:15.955Z,2025
1985327,2025-06-12T01:40:13.467Z,2025
1985323,2025-06-12T01:35:14.154Z,2025
1985314,2025-06-12T01:20:15.374Z,2025
1985311,2025-06-12T01:15:14.207Z,2025
1985293,2025-06-12T01:00:10.503Z,2025
1985291,2025-06-12T00:55:11.159Z,2025
1985284,2025-06-12T00:40:17.521Z,2025
1985282,2025-06-12T00:35:10.041Z,2025
1985275,2025-06-12T00:20:05.583Z,2025
1985272,2025-06-12T00:15:08.628Z,2025
1985257,2025-06-12T00:00:08.468Z,2025
1985256,2025-06-11T23:55:07.538Z,2025
1985250,2025-06-11T23:40:08.277Z,2025
1985247,2025-06-11T23:35:11.067Z,2025
1985242,2025-06-11T23:20:13.318Z,2025
1985238,2025-06-11T23:15:06.941Z,2025
1985224,2025-06-11T23:00:10.731Z,2025
1982524,2025-06-11T03:55:11.597Z,2025
1979867,2025-06-10T03:40:12.143Z,2025
1978971,2025-06-09T15:00:15.133Z,2025
1977049,2025-06-08T23:55:04.501Z,2025
1976973,2025-06-08T21:40:09.141Z,2025
1976903,2025-06-08T19:40:04.996Z,2025
1976899,2025-06-08T19:35:13.077Z,2025
1976402,2025-06-08T06:20:10.070Z,2025
1976298,2025-06-08T03:15:15.984Z,2025
1976244,2025-06-08T01:35:11.210Z,2025
1976204,2025-06-08T00:20:07.949Z,2025
1976155,2025-06-07T23:00:12.751Z,2025
1976026,2025-06-07T19:15:12.445Z,2025
1975819,2025-06-07T13:35:14.419Z,2025
1975470,2025-06-07T03:15:16.332Z,2025
1974115,2025-06-06T08:55:10.639Z,2025
1973790,2025-06-06T02:00:09.627Z,2025
1973753,2025-06-06T00:55:06.241Z,2025
1973635,2025-06-05T22:00:17.557Z,2025
1973491,2025-06-05T19:15:04.869Z,2025
1973472,2025-06-05T19:00:14.644Z,2025
1971934,2025-06-05T09:00:10.975Z,2025
1971920,2025-06-05T08:55:11.562Z,2025
1971856,2025-06-05T08:40:16.219Z,2025
1971833,2025-06-05T08:35:14.703Z,2025
1971717,2025-06-05T08:00:09.764Z,2025
1971708,2025-06-05T07:55:09.405Z,2025
1971624,2025-06-05T07:20:19.869Z,2025
1971611,2025-06-05T07:15:07.132Z,2025
1971138,2025-06-04T23:40:07.569Z,2025
1971134,2025-06-04T23:35:05.761Z,2025
1971042,2025-06-04T21:15:06.732Z,2025
1970993,2025-06-04T20:20:13.160Z,2025
1970150,2025-06-04T12:25:07.012Z,2025
1970094,2025-06-04T12:10:11.343Z,2025
1970079,2025-06-04T12:05:10.295Z,2025
1970045,2025-06-04T11:50:08.540Z,2025
1970032,2025-06-04T11:45:10.128Z,2025
1969973,2025-06-04T11:25:15.147Z,2025
1969067,2025-06-04T07:05:10.573Z,2025
1967343,2025-06-03T11:30:10.478Z,2025
1967325,2025-06-03T11:25:17.440Z,2025
1966500,2025-06-03T07:30:07.260Z,2025
1966480,2025-06-03T07:25:21.865Z,2025
1966442,2025-06-03T07:10:12.126Z,2025
1966421,2025-06-03T07:05:07.143Z,2025
1966383,2025-06-03T06:50:09.739Z,2025
1966366,2025-06-03T06:45:11.217Z,2025
1966342,2025-06-03T06:30:12.087Z,2025
1966337,2025-06-03T06:25:06.060Z,2025
1956648,2025-05-30T07:30:27.930Z,2025
1956628,2025-05-30T07:25:14.932Z,2025
1956579,2025-05-30T07:10:12.690Z,2025
1956549,2025-05-30T07:05:14.833Z,2025
1956493,2025-05-30T06:50:07.802Z,2025
1956483,2025-05-30T06:45:04.794Z,2025
1956458,2025-05-30T06:30:15.336Z,2025
1956444,2025-05-30T06:25:06.966Z,2025
1956405,2025-05-30T06:10:13.453Z,2025
1956391,2025-05-30T06:05:09.958Z,2025
1953535,2025-05-29T06:05:10.714Z,2025
1953205,2025-05-29T00:30:07.352Z,2025
1950163,2025-05-27T14:25:08.809Z,2025
1948742,2025-05-27T06:10:10.388Z,2025
1948229,2025-05-26T19:50:13.972Z,2025
1946153,2025-05-25T16:50:11.318Z,2025
1946100,2025-05-25T15:05:08.023Z,2025
1944639,2025-05-23T20:30:10.030Z,2025
1944370,2025-05-23T16:10:05.713Z,2025
1944341,2025-05-23T15:45:06.949Z,2025
1944317,2025-05-23T15:25:28.618Z,2025
1944274,2025-05-23T15:05:09.327Z,2025
1944228,2025-05-23T14:45:12.665Z,2025
1944165,2025-05-23T14:25:04.988Z,2025
1944107,2025-05-23T14:05:12.412Z,2025
1944036,2025-05-23T13:45:12.263Z,2025
1943311,2025-05-23T10:30:09.058Z,2025
1941337,2025-05-22T15:10:10.230Z,2025
1941312,2025-05-22T15:05:14.051Z,2025
1941195,2025-05-22T14:30:25.224Z,2025
1940528,2025-05-22T11:30:06.310Z,2025
1940512,2025-05-22T11:25:16.246Z,2025
1940467,2025-05-22T11:10:06.887Z,2025
1940443,2025-05-22T11:05:10.384Z,2025
1940399,2025-05-22T10:50:07.703Z,2025
1940372,2025-05-22T10:45:16.043Z,2025
1940286,2025-05-22T10:30:05.663Z,2025
1940264,2025-05-22T10:25:12.090Z,2025
1940209,2025-05-22T10:10:15.275Z,2025
1940183,2025-05-22T10:05:29.322Z,2025
1940108,2025-05-22T09:50:09.213Z,2025
1940079,2025-05-22T09:45:14.619Z,2025
1940026,2025-05-22T09:30:18.772Z,2025
1939994,2025-05-22T09:25:07.775Z,2025
1939925,2025-05-22T09:10:12.564Z,2025
1939906,2025-05-22T09:05:11.904Z,2025
1939854,2025-05-22T08:50:14.826Z,2025
1939836,2025-05-22T08:45:12.408Z,2025
1939781,2025-05-22T08:30:09.957Z,2025
1939758,2025-05-22T08:25:15.084Z,2025
1939685,2025-05-22T08:10:07.002Z,2025
1939678,2025-05-22T08:08:55.173Z,2025
1939632,2025-05-22T08:00:14.026Z,2025
1939619,2025-05-22T07:55:12.104Z,2025
1939577,2025-05-22T07:40:05.754Z,2025
1939418,2025-05-22T07:00:10.397Z,2025
1939407,2025-05-22T06:55:05.431Z,2025
1939339,2025-05-22T06:40:09.675Z,2025
1939313,2025-05-22T06:35:11.327Z,2025
1939277,2025-05-22T06:20:07.517Z,2025
1939265,2025-05-22T06:15:09.633Z,2025
1939216,2025-05-22T06:00:09.652Z,2025
1939211,2025-05-22T05:55:06.114Z,2025
1939196,2025-05-22T05:40:10.183Z,2025
1939192,2025-05-22T05:35:23.366Z,2025
1939179,2025-05-22T05:20:28.011Z,2025
1939175,2025-05-22T05:15:10.672Z,2025
1939129,2025-05-22T05:00:07.206Z,2025
1939120,2025-05-22T04:55:12.804Z,2025
1939104,2025-05-22T04:40:06.258Z,2025
1939099,2025-05-22T04:35:12.385Z,2025
1939088,2025-05-22T04:20:18.833Z,2025
1939087,2025-05-22T04:15:07.281Z,2025
1939069,2025-05-22T04:00:09.284Z,2025
1939027,2025-05-22T03:20:14.920Z,2025
1938981,2025-05-22T02:15:14.346Z,2025
1938659,2025-05-21T19:15:08.789Z,2025
1937426,2025-05-21T10:35:12.589Z,2025
1936682,2025-05-21T06:30:23.853Z,2025
1936535,2025-05-21T04:05:22.975Z,2025
1936485,2025-05-21T02:50:14.512Z,2025
1936068,2025-05-20T17:25:06.850Z,2025
1934193,2025-05-20T07:05:33.496Z,2025
1933687,2025-05-19T22:05:12.088Z,2025
1931768,2025-05-19T05:50:06.638Z,2025
1930481,2025-05-17T19:45:14.239Z,2025
1925602,2025-05-15T08:05:12.109Z,2025
1925022,2025-05-14T23:45:07.895Z,2025
1923419,2025-05-14T09:45:05.492Z,2025
1922443,2025-05-13T23:50:06.879Z,2025
1922173,2025-05-13T18:05:08.029Z,2025
1918863,2025-05-12T12:50:10.776Z,2025
1918850,2025-05-12T12:45:07.916Z,2025
1918813,2025-05-12T12:30:10.905Z,2025
1918798,2025-05-12T12:25:17.642Z,2025
1918781,2025-05-12T12:10:05.641Z,2025
1918767,2025-05-12T12:05:05.287Z,2025
1918733,2025-05-12T11:50:06.760Z,2025
1918724,2025-05-12T11:45:07.247Z,2025
1918664,2025-05-12T11:10:20.526Z,2025
1918643,2025-05-12T11:05:10.530Z,2025
1918605,2025-05-12T10:50:25.569Z,2025
1918594,2025-05-12T10:45:14.447Z,2025
1917937,2025-05-12T04:50:10.274Z,2025
1917932,2025-05-12T04:45:09.920Z,2025
1917925,2025-05-12T04:30:11.306Z,2025
1917922,2025-05-12T04:25:13.903Z,2025
1917918,2025-05-12T04:10:06.837Z,2025
1917911,2025-05-12T04:05:24.145Z,2025
1917886,2025-05-12T03:10:16.790Z,2025
1913747,2025-05-09T00:30:05.409Z,2025
1913737,2025-05-09T00:25:18.481Z,2025
1913733,2025-05-09T00:10:11.352Z,2025
1913721,2025-05-09T00:05:19.322Z,2025
1913718,2025-05-08T23:50:14.278Z,2025
1913713,2025-05-08T23:45:08.005Z,2025
1913708,2025-05-08T23:30:10.757Z,2025
1913705,2025-05-08T23:25:16.809Z,2025
1913694,2025-05-08T23:10:09.723Z,2025
1913686,2025-05-08T23:05:10.027Z,2025
1913676,2025-05-08T22:50:12.676Z,2025
1913669,2025-05-08T22:45:19.370Z,2025
1913663,2025-05-08T22:30:08.433Z,2025
1913660,2025-05-08T22:25:18.633Z,2025
1913651,2025-05-08T22:10:04.423Z,2025
1913641,2025-05-08T22:05:10.354Z,2025
1913630,2025-05-08T21:50:13.283Z,2025
1913627,2025-05-08T21:45:09.029Z,2025
1913619,2025-05-08T21:30:16.621Z,2025
1913615,2025-05-08T21:25:12.136Z,2025
1913609,2025-05-08T21:10:09.194Z,2025
1913606,2025-05-08T21:05:08.407Z,2025
1913594,2025-05-08T20:50:06.700Z,2025
1913590,2025-05-08T20:45:27.994Z,2025
1913579,2025-05-08T20:30:22.042Z,2025
1913574,2025-05-08T20:25:10.651Z,2025
1913566,2025-05-08T20:10:32.883Z,2025
1913559,2025-05-08T20:05:05.335Z,2025
1913555,2025-05-08T19:50:10.802Z,2025
1913548,2025-05-08T19:45:19.495Z,2025
1913534,2025-05-08T19:30:10.829Z,2025
1913530,2025-05-08T19:25:08.167Z,2025
1913517,2025-05-08T19:10:13.940Z,2025
1913511,2025-05-08T19:05:10.814Z,2025
1913493,2025-05-08T18:50:06.008Z,2025
1913490,2025-05-08T18:45:12.374Z,2025
1913478,2025-05-08T18:30:06.425Z,2025
1913470,2025-05-08T18:25:09.321Z,2025
1913460,2025-05-08T18:10:14.370Z,2025
1913450,2025-05-08T18:05:15.180Z,2025
1913440,2025-05-08T17:50:10.109Z,2025
1913434,2025-05-08T17:45:10.332Z,2025
1913421,2025-05-08T17:30:15.272Z,2025
1913415,2025-05-08T17:25:12.846Z,2025
1913401,2025-05-08T17:10:09.122Z,2025
1913391,2025-05-08T17:05:11.195Z,2025
1913380,2025-05-08T16:50:04.508Z,2025
1913375,2025-05-08T16:45:14.517Z,2025
1913366,2025-05-08T16:30:26.149Z,2025
1913361,2025-05-08T16:25:13.394Z,2025
1913338,2025-05-08T16:10:04.358Z,2025
1913320,2025-05-08T16:05:13.067Z,2025
1913289,2025-05-08T15:50:07.656Z,2025
1913277,2025-05-08T15:45:09.588Z,2025
1913233,2025-05-08T15:30:12.963Z,2025
1913216,2025-05-08T15:25:18.949Z,2025
1913164,2025-05-08T15:10:17.234Z,2025
1913149,2025-05-08T15:05:25.735Z,2025
1913092,2025-05-08T14:50:13.568Z,2025
1913074,2025-05-08T14:45:14.619Z,2025
1913035,2025-05-08T14:30:09.733Z,2025
1913009,2025-05-08T14:25:07.542Z,2025
1912939,2025-05-08T14:10:07.805Z,2025
1912924,2025-05-08T14:05:12.153Z,2025
1911224,2025-05-08T06:05:11.694Z,2025
1910912,2025-05-08T00:25:09.893Z,2025
1905517,2025-05-05T18:30:14.680Z,2025
1905514,2025-05-05T18:25:18.907Z,2025
1905499,2025-05-05T18:10:17.800Z,2025
1905484,2025-05-05T18:05:13.796Z,2025
1904078,2025-05-05T07:10:08.296Z,2025
1899454,2025-05-01T18:10:08.137Z,2025
1889924,2025-04-27T04:50:16.377Z,2025
1886636,2025-04-25T07:10:14.146Z,2025
1886436,2025-04-25T05:05:20.707Z,2025
1886048,2025-04-24T21:25:07.440Z,2025
1885913,2025-04-24T19:05:09.285Z,2025
1878818,2025-04-22T06:45:18.728Z,2025
1878798,2025-04-22T06:30:17.397Z,2025
1878792,2025-04-22T06:25:11.738Z,2025
1877581,2025-04-21T09:00:08.552Z,2025
1877580,2025-04-21T08:59:04.000Z,2025
1877525,2025-04-21T08:20:20.545Z,2025
1877422,2025-04-21T07:10:13.403Z,2025
1877399,2025-04-21T07:05:14.723Z,2025
1873059,2025-04-17T09:10:07.298Z,2025
1873046,2025-04-17T09:05:20.752Z,2025
1873005,2025-04-17T08:50:15.210Z,2025
1872992,2025-04-17T08:45:05.944Z,2025
1872964,2025-04-17T08:30:21.325Z,2025
1872954,2025-04-17T08:25:07.155Z,2025
1872926,2025-04-17T08:10:08.312Z,2025
1872910,2025-04-17T08:05:08.349Z,2025
1872870,2025-04-17T07:50:08.010Z,2025
1871959,2025-04-16T14:41:42.136Z,2025
1871864,2025-04-16T14:07:24.405Z,2025
1871647,2025-04-16T12:58:27.462Z,2025
1871544,2025-04-16T12:21:35.432Z,2025
1871269,2025-04-16T10:20:07.371Z,2025
1871257,2025-04-16T10:15:17.310Z,2025
1871216,2025-04-16T10:00:17.504Z,2025
1871204,2025-04-16T09:55:12.896Z,2025
1871165,2025-04-16T09:40:17.309Z,2025
1871152,2025-04-16T09:35:08.546Z,2025
1871112,2025-04-16T09:20:18.218Z,2025
1871086,2025-04-16T09:15:12.781Z,2025
1871048,2025-04-16T09:00:07.765Z,2025
1871039,2025-04-16T08:55:15.675Z,2025
1871003,2025-04-16T08:40:13.078Z,2025
1870995,2025-04-16T08:35:14.055Z,2025
1870962,2025-04-16T08:20:06.694Z,2025
1870955,2025-04-16T08:15:09.074Z,2025
1870915,2025-04-16T08:00:10.449Z,2025
1870899,2025-04-16T07:55:20.293Z,2025
1870873,2025-04-16T07:40:11.486Z,2025
1870859,2025-04-16T07:35:09.275Z,2025
1870818,2025-04-16T07:20:10.760Z,2025
1870802,2025-04-16T07:15:12.607Z,2025
1870773,2025-04-16T07:00:05.138Z,2025
1870761,2025-04-16T06:55:13.722Z,2025
1870731,2025-04-16T06:40:16.249Z,2025
1870722,2025-04-16T06:35:07.763Z,2025
1870702,2025-04-16T06:20:08.856Z,2025
1870692,2025-04-16T06:15:21.097Z,2025
1870663,2025-04-16T06:00:30.863Z,2025
1870660,2025-04-16T05:55:07.130Z,2025
1870645,2025-04-16T05:40:22.405Z,2025
1870636,2025-04-16T05:35:07.372Z,2025
1870617,2025-04-16T05:20:09.736Z,2025
1870614,2025-04-16T05:15:07.966Z,2025
1870600,2025-04-16T05:00:12.451Z,2025
1870596,2025-04-16T04:55:17.960Z,2025
1870587,2025-04-16T04:40:22.768Z,2025
1870582,2025-04-16T04:35:10.732Z,2025
1870574,2025-04-16T04:20:19.559Z,2025
1870573,2025-04-16T04:15:07.826Z,2025
1870562,2025-04-16T04:00:09.983Z,2025
1870560,2025-04-16T03:55:08.308Z,2025
1870550,2025-04-16T03:40:11.112Z,2025
1870543,2025-04-16T03:35:11.950Z,2025
1870525,2025-04-16T03:20:06.962Z,2025
1870521,2025-04-16T03:15:06.881Z,2025
1870505,2025-04-16T03:00:13.992Z,2025
1870503,2025-04-16T02:55:15.126Z,2025
1870490,2025-04-16T02:40:17.367Z,2025
1870488,2025-04-16T02:35:06.754Z,2025
1870477,2025-04-16T02:20:18.358Z,2025
1870475,2025-04-16T02:15:09.174Z,2025
1870461,2025-04-16T02:00:09.159Z,2025
1870459,2025-04-16T01:55:08.359Z,2025
1870453,2025-04-16T01:40:19.565Z,2025
1870446,2025-04-16T01:35:17.516Z,2025
1870437,2025-04-16T01:20:04.903Z,2025
1870435,2025-04-16T01:15:15.871Z,2025
1870422,2025-04-16T01:00:09.794Z,2025
1870421,2025-04-16T00:55:28.129Z,2025
1870412,2025-04-16T00:40:14.754Z,2025
1870409,2025-04-16T00:35:17.755Z,2025
1870404,2025-04-16T00:20:18.391Z,2025
1870402,2025-04-16T00:15:05.056Z,2025
1870390,2025-04-16T00:00:07.333Z,2025
1870389,2025-04-15T23:55:26.052Z,2025
1870383,2025-04-15T23:40:05.349Z,2025
1870380,2025-04-15T23:35:18.808Z,2025
1870376,2025-04-15T23:20:11.904Z,2025
1870373,2025-04-15T23:15:16.739Z,2025
1870362,2025-04-15T23:00:18.081Z,2025
1870361,2025-04-15T22:55:11.925Z,2025
1870354,2025-04-15T22:40:09.952Z,2025
1870351,2025-04-15T22:35:17.850Z,2025
1870344,2025-04-15T22:20:07.865Z,2025
1870341,2025-04-15T22:15:13.835Z,2025
1870328,2025-04-15T22:00:05.978Z,2025
1870327,2025-04-15T21:55:07.933Z,2025
1870321,2025-04-15T21:40:10.046Z,2025
1870316,2025-04-15T21:35:07.565Z,2025
1870311,2025-04-15T21:20:25.361Z,2025
1870309,2025-04-15T21:15:10.999Z,2025
1870300,2025-04-15T21:00:14.196Z,2025
1870299,2025-04-15T20:55:11.079Z,2025
1870294,2025-04-15T20:40:10.272Z,2025
1870287,2025-04-15T20:35:11.251Z,2025
1870275,2025-04-15T20:20:14.974Z,2025
1870271,2025-04-15T20:15:10.545Z,2025
1870259,2025-04-15T20:00:12.970Z,2025
1870256,2025-04-15T19:55:09.469Z,2025
1870246,2025-04-15T19:40:20.509Z,2025
1870245,2025-04-15T19:35:14.002Z,2025
1870235,2025-04-15T19:20:09.385Z,2025
1870230,2025-04-15T19:15:11.273Z,2025
1870216,2025-04-15T19:00:29.197Z,2025
1870211,2025-04-15T18:55:10.258Z,2025
1870200,2025-04-15T18:40:15.655Z,2025
1870198,2025-04-15T18:35:12.325Z,2025
1870184,2025-04-15T18:20:20.737Z,2025
1870177,2025-04-15T18:15:04.357Z,2025
1870157,2025-04-15T18:00:06.260Z,2025
1870155,2025-04-15T17:55:14.866Z,2025
1870146,2025-04-15T17:40:06.741Z,2025
1870140,2025-04-15T17:35:12.072Z,2025
1870125,2025-04-15T17:20:13.322Z,2025
1870121,2025-04-15T17:15:23.520Z,2025
1870098,2025-04-15T17:00:05.645Z,2025
1870092,2025-04-15T16:55:11.266Z,2025
1870074,2025-04-15T16:40:12.624Z,2025
1870073,2025-04-15T16:35:14.738Z,2025
1870056,2025-04-15T16:20:15.869Z,2025
1870052,2025-04-15T16:15:06.614Z,2025
1870033,2025-04-15T16:00:15.733Z,2025
1870025,2025-04-15T15:55:14.446Z,2025
1869999,2025-04-15T15:40:22.019Z,2025
1869994,2025-04-15T15:35:06.410Z,2025
1869967,2025-04-15T15:20:19.357Z,2025
1869955,2025-04-15T15:15:11.435Z,2025
1869912,2025-04-15T15:00:09.796Z,2025
1869897,2025-04-15T14:55:13.930Z,2025
1869832,2025-04-15T14:40:11.969Z,2025
1869811,2025-04-15T14:35:16.056Z,2025
1869766,2025-04-15T14:20:12.514Z,2025
1869753,2025-04-15T14:15:08.772Z,2025
1869692,2025-04-15T14:00:17.115Z,2025
1869670,2025-04-15T13:55:11.245Z,2025
1869609,2025-04-15T13:40:07.256Z,2025
1869591,2025-04-15T13:35:18.144Z,2025
1868801,2025-04-15T08:30:14.940Z,2025
1868791,2025-04-15T08:25:08.430Z,2025
1868773,2025-04-15T08:10:12.959Z,2025
1868764,2025-04-15T08:05:07.465Z,2025
1868725,2025-04-15T07:50:06.732Z,2025
1868719,2025-04-15T07:45:08.812Z,2025
1868680,2025-04-15T07:30:10.258Z,2025
1868670,2025-04-15T07:25:05.706Z,2025
1868620,2025-04-15T07:10:08.858Z,2025
1868601,2025-04-15T07:05:18.012Z,2025
1868572,2025-04-15T06:50:13.025Z,2025
1868561,2025-04-15T06:45:15.046Z,2025
1868540,2025-04-15T06:30:06.886Z,2025
1868528,2025-04-15T06:25:18.050Z,2025
1868507,2025-04-15T06:10:08.470Z,2025
1868470,2025-04-15T05:50:09.791Z,2025
1868466,2025-04-15T05:45:13.473Z,2025
1868451,2025-04-15T05:30:27.805Z,2025
1868447,2025-04-15T05:25:05.068Z,2025
1868435,2025-04-15T05:10:16.571Z,2025
1868430,2025-04-15T05:05:27.182Z,2025
1868311,2025-04-15T03:10:06.716Z,2025
1868223,2025-04-15T01:10:13.381Z,2025
1868209,2025-04-15T01:05:07.374Z,2025
1867896,2025-04-14T17:25:05.686Z,2025
1866239,2025-04-14T04:45:11.693Z,2025
1863753,2025-04-11T12:50:19.451Z,2025
1863742,2025-04-11T12:45:07.761Z,2025
1863727,2025-04-11T12:30:07.266Z,2025
1863717,2025-04-11T12:25:07.919Z,2025
1863688,2025-04-11T12:10:19.785Z,2025
1863673,2025-04-11T12:05:08.000Z,2025
1863645,2025-04-11T11:50:09.727Z,2025
1863614,2025-04-11T11:30:08.651Z,2025
1863608,2025-04-11T11:25:09.287Z,2025
1858185,2025-04-09T02:25:09.094Z,2025
1858181,2025-04-09T02:10:10.784Z,2025
1858175,2025-04-09T02:05:13.630Z,2025
1858165,2025-04-09T01:50:05.870Z,2025
1858163,2025-04-09T01:45:10.054Z,2025
1857752,2025-04-08T16:25:08.393Z,2025
1856086,2025-04-08T04:45:06.088Z,2025
1849820,2025-04-04T08:00:14.358Z,2025
1849680,2025-04-04T07:15:16.770Z,2025
1849634,2025-04-04T07:00:18.551Z,2025
1849622,2025-04-04T06:55:07.594Z,2025
1849573,2025-04-04T06:40:05.365Z,2025
1849565,2025-04-04T06:35:38.750Z,2025
1849534,2025-04-04T06:20:13.345Z,2025
1849526,2025-04-04T06:15:13.836Z,2025
1849355,2025-04-04T03:20:16.655Z,2025
1849334,2025-04-04T02:55:17.753Z,2025
1849328,2025-04-04T02:40:18.259Z,2025
1849327,2025-04-04T02:35:25.594Z,2025
1849318,2025-04-04T02:20:07.306Z,2025
1849314,2025-04-04T02:15:15.630Z,2025
1849297,2025-04-04T01:55:16.600Z,2025
1849289,2025-04-04T01:40:19.626Z,2025
1849284,2025-04-04T01:35:08.770Z,2025
1849249,2025-04-04T00:40:07.057Z,2025
1849247,2025-04-04T00:35:24.269Z,2025
1849243,2025-04-04T00:20:15.777Z,2025
1849240,2025-04-04T00:15:04.329Z,2025
1849227,2025-04-04T00:00:17.011Z,2025
1849223,2025-04-03T23:55:11.753Z,2025
1849217,2025-04-03T23:40:10.145Z,2025
1849215,2025-04-03T23:35:15.829Z,2025
1849209,2025-04-03T23:20:17.572Z,2025
1849207,2025-04-03T23:15:24.910Z,2025
1849195,2025-04-03T23:00:04.297Z,2025
1849194,2025-04-03T22:55:10.743Z,2025
1849185,2025-04-03T22:40:17.601Z,2025
1849182,2025-04-03T22:35:11.915Z,2025
1849170,2025-04-03T22:20:07.484Z,2025
1849164,2025-04-03T22:15:22.564Z,2025
1848803,2025-04-03T17:20:07.221Z,2025
1847874,2025-04-03T12:20:24.556Z,2025
1847868,2025-04-03T12:15:15.534Z,2025
1847832,2025-04-03T12:00:08.908Z,2025
1847820,2025-04-03T11:55:13.539Z,2025
1846167,2025-04-02T21:20:10.171Z,2025
1839378,2025-03-30T19:20:08.249Z,2025
1838323,2025-03-29T06:20:13.178Z,2025
1833156,2025-03-26T18:20:15.585Z,2025
1832065,2025-03-26T12:35:10.394Z,2025
1830811,2025-03-25T23:35:09.159Z,2025
1830726,2025-03-25T20:15:12.805Z,2025
1830602,2025-03-25T17:35:10.397Z,2025
1829788,2025-03-25T12:40:07.933Z,2025
1829770,2025-03-25T12:35:04.721Z,2025
1829703,2025-03-25T12:15:09.228Z,2025
1829639,2025-03-25T11:55:19.829Z,2025
1829534,2025-03-25T11:20:07.931Z,2025
1829444,2025-03-25T11:00:12.781Z,2025
1829416,2025-03-25T10:47:17.873Z,2025
1829054,2025-03-25T09:00:12.169Z,2025
1829037,2025-03-25T08:50:11.074Z,2025
1829024,2025-03-25T08:40:08.971Z,2025
1828902,2025-03-25T07:40:09.458Z,2025
1828786,2025-03-25T06:40:14.632Z,2025
1828783,2025-03-25T06:35:06.437Z,2025
1828745,2025-03-25T06:00:10.309Z,2025
1828697,2025-03-25T05:00:06.757Z,2025
1828687,2025-03-25T04:40:13.122Z,2025
1828683,2025-03-25T04:35:11.941Z,2025
1828633,2025-03-25T03:20:16.825Z,2025
1828604,2025-03-25T02:50:07.681Z,2025
1828598,2025-03-25T02:40:09.610Z,2025
1828589,2025-03-25T02:35:04.945Z,2025
1828581,2025-03-25T02:25:09.277Z,2025
1828530,2025-03-25T00:40:16.548Z,2025
1828462,2025-03-24T22:50:07.145Z,2025
1828407,2025-03-24T20:50:14.401Z,2025
1828403,2025-03-24T20:40:17.040Z,2025
1828361,2025-03-24T19:40:12.855Z,2025
1828319,2025-03-24T19:00:21.289Z,2025
1828312,2025-03-24T18:50:10.073Z,2025
1828283,2025-03-24T18:20:10.154Z,2025
1828234,2025-03-24T17:40:25.754Z,2025
1828229,2025-03-24T17:35:08.224Z,2025
1828159,2025-03-24T17:00:12.897Z,2025
1828119,2025-03-24T16:50:19.645Z,2025
1828054,2025-03-24T16:25:08.272Z,2025
1827956,2025-03-24T15:50:06.538Z,2025
1827840,2025-03-24T15:05:49.669Z,2025
1804410,2025-03-12T08:00:18.979Z,2025
1804391,2025-03-12T07:50:14.752Z,2025
1804376,2025-03-12T07:40:14.122Z,2025
1804363,2025-03-12T07:35:11.445Z,2025
1804347,2025-03-12T07:25:20.790Z,2025
1804337,2025-03-12T07:20:16.180Z,2025
1804322,2025-03-12T07:10:11.444Z,2025
1804309,2025-03-12T07:00:13.811Z,2025
1804300,2025-03-12T06:50:08.313Z,2025
1804279,2025-03-12T06:40:22.883Z,2025
1804270,2025-03-12T06:35:23.120Z,2025
1804257,2025-03-12T06:25:05.846Z,2025
1804248,2025-03-12T06:20:05.765Z,2025
1803862,2025-03-11T21:10:06.926Z,2025
1803672,2025-03-11T17:20:13.339Z,2025
1802184,2025-03-11T09:00:17.175Z,2025
1802126,2025-03-11T08:35:07.092Z,2025
1801859,2025-03-11T06:00:10.882Z,2025
1801847,2025-03-11T05:50:07.512Z,2025
1801840,2025-03-11T05:40:14.993Z,2025
1801836,2025-03-11T05:35:12.329Z,2025
1801828,2025-03-11T05:25:06.757Z,2025
1801826,2025-03-11T05:20:07.787Z,2025
1801821,2025-03-11T05:10:13.695Z,2025
1801803,2025-03-11T05:00:19.026Z,2025
1801795,2025-03-11T04:50:09.688Z,2025
1801787,2025-03-11T04:40:10.013Z,2025
1801786,2025-03-11T04:35:07.656Z,2025
1801780,2025-03-11T04:25:05.612Z,2025
1801775,2025-03-11T04:20:07.451Z,2025
1801769,2025-03-11T04:10:05.928Z,2025
1801758,2025-03-11T04:00:22.853Z,2025
1801756,2025-03-11T03:50:16.031Z,2025
1801751,2025-03-11T03:40:14.948Z,2025
1801748,2025-03-11T03:35:07.318Z,2025
1801744,2025-03-11T03:25:12.207Z,2025
1801741,2025-03-11T03:20:10.364Z,2025
1801738,2025-03-11T03:10:04.867Z,2025
1801722,2025-03-11T03:00:13.898Z,2025
1801718,2025-03-11T02:50:24.448Z,2025
1801712,2025-03-11T02:40:07.415Z,2025
1801708,2025-03-11T02:35:05.131Z,2025
1801703,2025-03-11T02:25:11.399Z,2025
1801696,2025-03-11T02:20:09.016Z,2025
1801690,2025-03-11T02:10:10.719Z,2025
1801679,2025-03-11T02:00:14.880Z,2025
1801676,2025-03-11T01:50:14.300Z,2025
1801672,2025-03-11T01:40:13.285Z,2025
1801668,2025-03-11T01:35:14.607Z,2025
1801662,2025-03-11T01:25:18.311Z,2025
1801660,2025-03-11T01:20:12.057Z,2025
1801656,2025-03-11T01:10:08.525Z,2025
1801646,2025-03-11T01:00:05.782Z,2025
1801642,2025-03-11T00:50:14.122Z,2025
1801637,2025-03-11T00:40:10.529Z,2025
1801636,2025-03-11T00:35:13.898Z,2025
1801631,2025-03-11T00:25:18.424Z,2025
1801629,2025-03-11T00:20:09.540Z,2025
1801624,2025-03-11T00:10:25.664Z,2025
1801612,2025-03-11T00:00:06.562Z,2025
1801610,2025-03-10T23:50:04.655Z,2025
1801606,2025-03-10T23:40:10.382Z,2025
1801605,2025-03-10T23:35:15.198Z,2025
1801599,2025-03-10T23:25:10.947Z,2025
1801596,2025-03-10T23:20:29.485Z,2025
1801589,2025-03-10T23:10:15.221Z,2025
1801578,2025-03-10T23:00:13.323Z,2025
1801575,2025-03-10T22:50:04.704Z,2025
1801572,2025-03-10T22:40:08.359Z,2025
1801568,2025-03-10T22:35:04.078Z,2025
1801565,2025-03-10T22:25:26.930Z,2025
1801561,2025-03-10T22:20:07.560Z,2025
1801554,2025-03-10T22:10:09.636Z,2025
1801544,2025-03-10T22:00:08.335Z,2025
1801543,2025-03-10T21:50:20.052Z,2025
1801538,2025-03-10T21:40:11.244Z,2025
1801535,2025-03-10T21:35:17.246Z,2025
1801530,2025-03-10T21:25:07.077Z,2025
1801526,2025-03-10T21:20:25.431Z,2025
1801523,2025-03-10T21:10:10.278Z,2025
1801513,2025-03-10T21:00:13.703Z,2025
1801511,2025-03-10T20:50:08.288Z,2025
1801508,2025-03-10T20:40:21.577Z,2025
1801502,2025-03-10T20:35:08.973Z,2025
1801499,2025-03-10T20:25:10.375Z,2025
1799703,2025-03-10T08:00:21.585Z,2025
1799633,2025-03-10T07:20:09.769Z,2025
1799538,2025-03-10T05:50:17.572Z,2025
1799308,2025-03-10T01:00:08.709Z,2025
1799053,2025-03-09T17:20:08.214Z,2025
1798480,2025-03-08T20:50:17.001Z,2025
1798478,2025-03-08T20:40:28.219Z,2025
1798477,2025-03-08T20:35:04.520Z,2025
1798472,2025-03-08T20:25:16.446Z,2025
1798233,2025-03-08T12:20:06.893Z,2025
1798165,2025-03-08T11:25:06.348Z,2025
1798163,2025-03-08T11:20:06.749Z,2025
1798112,2025-03-08T10:20:11.095Z,2025
1797830,2025-03-08T01:00:18.156Z,2025
1797358,2025-03-07T16:25:10.378Z,2025
1795350,2025-03-06T17:35:04.743Z,2025
1793565,2025-03-06T02:25:18.727Z,2025
1791137,2025-03-04T21:40:04.366Z,2025
1791113,2025-03-04T21:00:15.194Z,2025
1791105,2025-03-04T20:35:10.452Z,2025
1791088,2025-03-04T20:20:05.749Z,2025
1791084,2025-03-04T20:10:08.706Z,2025
1791073,2025-03-04T20:00:17.616Z,2025
1791072,2025-03-04T19:50:17.210Z,2025
1791062,2025-03-04T19:40:08.833Z,2025
1791059,2025-03-04T19:35:21.655Z,2025
1791051,2025-03-04T19:25:10.181Z,2025
1791043,2025-03-04T19:20:13.450Z,2025
1791036,2025-03-04T19:10:14.588Z,2025
1791019,2025-03-04T19:00:09.535Z,2025
1791010,2025-03-04T18:50:14.163Z,2025
1791003,2025-03-04T18:40:12.902Z,2025
1791001,2025-03-04T18:35:13.294Z,2025
1790994,2025-03-04T18:25:10.300Z,2025
1790990,2025-03-04T18:20:13.986Z,2025
1790972,2025-03-04T18:10:07.601Z,2025
1790941,2025-03-04T18:00:08.829Z,2025
1790930,2025-03-04T17:50:09.140Z,2025
1788924,2025-03-04T07:10:09.753Z,2025
1788605,2025-03-04T01:10:11.367Z,2025
1788594,2025-03-04T01:00:10.176Z,2025
1788584,2025-03-04T00:35:17.284Z,2025
1787460,2025-03-03T13:00:12.132Z,2025
1787140,2025-03-03T11:10:10.296Z,2025
1786753,2025-03-03T08:50:10.556Z,2025
1786725,2025-03-03T08:40:08.975Z,2025
1786715,2025-03-03T08:35:05.826Z,2025
1786701,2025-03-03T08:25:28.024Z,2025
1786689,2025-03-03T08:20:13.400Z,2025
1786672,2025-03-03T08:10:08.654Z,2025
1786637,2025-03-03T08:00:13.416Z,2025
1786617,2025-03-03T07:50:07.249Z,2025
1786604,2025-03-03T07:40:10.880Z,2025
1786592,2025-03-03T07:35:19.226Z,2025
1786579,2025-03-03T07:25:06.686Z,2025
1786573,2025-03-03T07:20:06.755Z,2025
1786571,2025-03-03T07:10:08.008Z,2025
1786553,2025-03-03T07:00:16.292Z,2025
1786549,2025-03-03T06:50:08.796Z,2025
1786539,2025-03-03T06:40:05.544Z,2025
1786533,2025-03-03T06:35:07.908Z,2025
1786522,2025-03-03T06:25:16.848Z,2025
1785965,2025-03-02T17:10:09.331Z,2025
1784786,2025-02-28T22:35:18.187Z,2025
1784777,2025-02-28T22:25:10.553Z,2025
1782653,2025-02-27T21:00:05.483Z,2025
1782018,2025-02-27T14:35:16.607Z,2025
1781974,2025-02-27T14:25:21.352Z,2025
1781952,2025-02-27T14:20:05.818Z,2025
1780925,2025-02-27T08:35:09.768Z,2025
1780784,2025-02-27T07:25:12.462Z,2025
1780735,2025-02-27T06:50:09.777Z,2025
1780702,2025-02-27T06:20:08.309Z,2025
1780680,2025-02-27T06:00:07.937Z,2025
1780663,2025-02-27T05:50:13.104Z,2025
1780639,2025-02-27T05:25:07.613Z,2025
1780600,2025-02-27T04:35:20.880Z,2025
1780588,2025-02-27T04:20:07.769Z,2025
1780571,2025-02-27T03:50:13.294Z,2025
1780540,2025-02-27T03:00:11.019Z,2025
1780518,2025-02-27T02:25:35.387Z,2025
1780509,2025-02-27T02:20:10.220Z,2025
1780498,2025-02-27T02:00:09.491Z,2025
1780495,2025-02-27T01:50:11.031Z,2025
1780481,2025-02-27T01:25:07.618Z,2025
1780479,2025-02-27T01:20:08.121Z,2025
1780465,2025-02-27T01:00:07.810Z,2025
1780446,2025-02-27T00:25:04.050Z,2025
1780430,2025-02-27T00:10:18.228Z,2025
1780403,2025-02-26T23:50:15.752Z,2025
1780392,2025-02-26T23:35:20.048Z,2025
1780363,2025-02-26T22:50:09.154Z,2025
1780348,2025-02-26T22:20:10.177Z,2025
1780342,2025-02-26T22:10:19.584Z,2025
1780331,2025-02-26T22:00:11.200Z,2025
1780329,2025-02-26T21:50:14.688Z,2025
1780314,2025-02-26T21:20:12.673Z,2025
1780290,2025-02-26T20:40:08.673Z,2025
1780284,2025-02-26T20:35:07.969Z,2025
1780253,2025-02-26T20:10:17.495Z,2025
1780163,2025-02-26T18:10:13.130Z,2025
1780128,2025-02-26T17:40:23.864Z,2025
1779723,2025-02-26T14:35:12.844Z,2025
1779502,2025-02-26T13:25:12.061Z,2025
1779473,2025-02-26T13:20:13.634Z,2025
1779410,2025-02-26T13:00:13.977Z,2025
1779332,2025-02-26T12:35:14.734Z,2025
1779297,2025-02-26T12:20:08.653Z,2025
1779275,2025-02-26T12:10:14.722Z,2025
1778919,2025-02-26T10:10:19.204Z,2025
1778754,2025-02-26T09:25:07.602Z,2025
1778712,2025-02-26T09:10:12.164Z,2025
1778558,2025-02-26T07:50:19.960Z,2025
1778453,2025-02-26T06:50:10.843Z,2025
1778444,2025-02-26T06:40:17.660Z,2025
1778440,2025-02-26T06:35:10.796Z,2025
1778371,2025-02-26T05:40:13.367Z,2025
1778356,2025-02-26T05:25:18.853Z,2025
1778349,2025-02-26T05:10:07.852Z,2025
1778285,2025-02-26T03:40:09.061Z,2025
1778271,2025-02-26T03:25:19.713Z,2025
1778237,2025-02-26T03:00:10.250Z,2025
1778231,2025-02-26T02:50:11.755Z,2025
1778224,2025-02-26T02:40:11.275Z,2025
1778216,2025-02-26T02:25:10.999Z,2025
1778188,2025-02-26T01:50:11.222Z,2025
1778182,2025-02-26T01:35:14.655Z,2025
1778147,2025-02-26T00:35:06.470Z,2025
1778085,2025-02-25T23:00:11.571Z,2025
1778034,2025-02-25T21:40:05.229Z,2025
1777899,2025-02-25T18:35:08.933Z,2025
1777430,2025-02-25T14:50:26.854Z,2025
1777257,2025-02-25T14:10:11.826Z,2025
1777073,2025-02-25T13:10:16.342Z,2025
1776986,2025-02-25T12:35:17.873Z,2025
1776868,2025-02-25T12:00:24.918Z,2025
1776781,2025-02-25T11:25:11.249Z,2025
1776124,2025-02-25T08:10:09.289Z,2025
1776080,2025-02-25T07:52:16.916Z,2025
1776075,2025-02-25T07:50:10.422Z,2025
1776070,2025-02-25T07:46:55.745Z,2025
1775971,2025-02-25T06:50:07.341Z,2025
1775960,2025-02-25T06:35:25.741Z,2025
1775882,2025-02-25T05:20:11.247Z,2025
1775846,2025-02-25T04:35:15.657Z,2025
1775725,2025-02-25T02:40:11.358Z,2025
1775653,2025-02-25T00:50:05.285Z,2025
1775622,2025-02-25T00:00:11.918Z,2025
1775613,2025-02-24T23:35:26.165Z,2025
1775588,2025-02-24T22:50:12.080Z,2025
1775580,2025-02-24T22:40:11.407Z,2025
1775553,2025-02-24T22:25:14.977Z,2025
1775551,2025-02-24T22:20:10.140Z,2025
1775538,2025-02-24T22:00:07.156Z,2025
1775525,2025-02-24T21:40:13.690Z,2025
1775519,2025-02-24T21:35:07.682Z,2025
1775449,2025-02-24T19:25:09.719Z,2025
1775431,2025-02-24T19:00:12.366Z,2025
1775421,2025-02-24T18:40:07.811Z,2025
1775397,2025-02-24T18:10:13.544Z,2025
1775383,2025-02-24T18:00:21.392Z,2025
1775374,2025-02-24T17:50:12.820Z,2025
1775340,2025-02-24T17:35:18.523Z,2025
1774702,2025-02-24T12:50:14.198Z,2025
1774677,2025-02-24T12:35:23.925Z,2025
1774652,2025-02-24T12:20:11.609Z,2025
1774528,2025-02-24T11:35:14.307Z,2025
1774464,2025-02-24T11:20:09.727Z,2025
1774215,2025-02-24T10:20:17.907Z,2025
1774063,2025-02-24T09:35:12.198Z,2025
1774035,2025-02-24T09:25:11.832Z,2025
1774022,2025-02-24T09:20:20.452Z,2025
1773859,2025-02-24T08:20:11.373Z,2025
1773737,2025-02-24T07:10:15.659Z,2025
1773688,2025-02-24T06:35:17.680Z,2025
1773639,2025-02-24T06:00:09.755Z,2025
1773619,2025-02-24T05:40:07.768Z,2025
1773566,2025-02-24T04:50:20.916Z,2025
1773558,2025-02-24T04:35:15.395Z,2025
1773547,2025-02-24T04:20:30.955Z,2025
1773511,2025-02-24T03:50:17.200Z,2025
1773507,2025-02-24T03:40:10.524Z,2025
1773502,2025-02-24T03:35:19.707Z,2025
1773493,2025-02-24T03:25:10.490Z,2025
1773489,2025-02-24T03:20:20.935Z,2025
1773468,2025-02-24T02:50:03.861Z,2025
1773454,2025-02-24T02:25:25.176Z,2025
1773421,2025-02-24T01:35:22.694Z,2025
1773387,2025-02-24T00:25:07.393Z,2025
1773383,2025-02-24T00:10:16.613Z,2025
1773357,2025-02-23T23:20:13.312Z,2025
1773353,2025-02-23T23:10:08.769Z,2025
1773344,2025-02-23T23:00:12.334Z,2025
1773335,2025-02-23T22:35:08.422Z,2025
1773334,2025-02-23T22:25:10.697Z,2025
1773330,2025-02-23T22:20:11.826Z,2025
1773308,2025-02-23T21:20:08.927Z,2025
1773291,2025-02-23T20:40:09.270Z,2025
1773268,2025-02-23T20:00:12.573Z,2025
1773226,2025-02-23T18:50:08.560Z,2025
1773114,2025-02-23T15:25:11.653Z,2025
1772989,2025-02-23T10:25:18.841Z,2025
1772858,2025-02-23T05:35:10.993Z,2025
1772855,2025-02-23T05:25:11.969Z,2025
1772842,2025-02-23T05:00:16.672Z,2025
1772827,2025-02-23T04:25:06.561Z,2025
1772825,2025-02-23T04:20:15.491Z,2025
1772814,2025-02-23T03:50:11.483Z,2025
1772800,2025-02-23T03:10:11.290Z,2025
1772785,2025-02-23T02:40:21.137Z,2025
1772754,2025-02-23T01:20:10.220Z,2025
1772702,2025-02-22T23:20:08.170Z,2025
1772700,2025-02-22T23:10:14.955Z,2025
1772686,2025-02-22T22:40:10.698Z,2025
1772655,2025-02-22T21:20:23.985Z,2025
1772651,2025-02-22T21:10:18.695Z,2025
1772634,2025-02-22T20:35:22.966Z,2025
1772611,2025-02-22T20:00:14.482Z,2025
1772600,2025-02-22T19:40:20.999Z,2025
1772567,2025-02-22T18:50:11.298Z,2025
1772551,2025-02-22T18:25:11.228Z,2025
1772494,2025-02-22T16:50:14.026Z,2025
1772458,2025-02-22T15:35:06.593Z,2025
1772401,2025-02-22T13:25:10.775Z,2025
1772355,2025-02-22T11:50:16.764Z,2025
1772344,2025-02-22T11:20:04.784Z,2025
1772342,2025-02-22T11:10:17.452Z,2025
1772327,2025-02-22T10:40:11.661Z,2025
1772305,2025-02-22T09:50:19.078Z,2025
1772228,2025-02-22T07:20:23.461Z,2025
1772213,2025-02-22T06:50:15.512Z,2025
1772165,2025-02-22T04:50:14.290Z,2025
1772154,2025-02-22T04:21:11.428Z,2025
1772080,2025-02-22T02:35:11.254Z,2025
1772076,2025-02-22T02:25:16.093Z,2025
1772061,2025-02-22T01:50:09.315Z,2025
1772050,2025-02-22T01:20:25.362Z,2025
1772036,2025-02-22T00:50:20.728Z,2025
1772032,2025-02-22T00:40:08.634Z,2025
1772026,2025-02-22T00:25:06.137Z,2025
1772008,2025-02-21T23:50:13.442Z,2025
1771997,2025-02-21T23:20:12.652Z,2025
1771979,2025-02-21T22:40:18.137Z,2025
1771973,2025-02-21T22:25:08.949Z,2025
1771971,2025-02-21T22:20:19.067Z,2025
1771954,2025-02-21T21:40:06.663Z,2025
1771940,2025-02-21T21:10:05.165Z,2025
1771915,2025-02-21T20:20:14.359Z,2025
1771812,2025-02-21T18:00:17.486Z,2025
1771250,2025-02-21T14:00:08.514Z,2025
1770549,2025-02-21T10:35:10.818Z,2025
1768502,2025-02-20T12:35:20.622Z,2025
1768252,2025-02-20T11:20:11.122Z,2025
1767301,2025-02-20T00:00:07.327Z,2025
1767226,2025-02-19T21:35:34.949Z,2025
1764195,2025-02-18T12:50:12.373Z,2025
1762736,2025-02-17T20:25:09.083Z,2025
1762105,2025-02-17T14:10:12.385Z,2025
1761137,2025-02-17T09:00:09.847Z,2025
1760958,2025-02-17T08:00:35.005Z,2025
1760785,2025-02-17T06:10:17.653Z,2025
1760735,2025-02-17T05:20:10.858Z,2025
1760708,2025-02-17T04:35:14.017Z,2025
1758499,2025-02-14T14:20:09.640Z,2025
1758252,2025-02-14T12:50:09.258Z,2025
1757261,2025-02-14T06:10:11.618Z,2025
1755981,2025-02-13T13:10:08.398Z,2025
1755952,2025-02-13T13:00:21.758Z,2025
1755926,2025-02-13T12:50:20.278Z,2025
1755914,2025-02-13T12:46:01.308Z,2025
1754473,2025-02-13T01:00:14.923Z,2025
1752643,2025-02-12T08:20:12.136Z,2025
1752279,2025-02-12T04:00:21.516Z,2025
1751866,2025-02-11T17:40:17.526Z,2025
1751599,2025-02-11T15:20:10.889Z,2025
1751576,2025-02-11T15:10:30.538Z,2025
1751386,2025-02-11T14:25:11.834Z,2025
1751369,2025-02-11T14:20:15.078Z,2025
1751336,2025-02-11T14:10:18.348Z,2025
1751298,2025-02-11T14:00:21.742Z,2025
1751270,2025-02-11T13:50:10.652Z,2025
1751244,2025-02-11T13:40:13.770Z,2025
1750654,2025-02-11T10:40:31.281Z,2025
1750221,2025-02-11T08:10:16.020Z,2025
1749993,2025-02-11T05:10:17.257Z,2025
1749683,2025-02-10T21:35:10.900Z,2025
1749680,2025-02-10T21:25:06.571Z,2025
1748575,2025-02-10T11:00:15.347Z,2025
1748348,2025-02-10T09:50:17.827Z,2025
1748324,2025-02-10T09:40:10.879Z,2025
1748313,2025-02-10T09:35:18.064Z,2025
1748286,2025-02-10T09:25:05.869Z,2025
1748278,2025-02-10T09:20:08.027Z,2025
1748228,2025-02-10T09:00:15.314Z,2025
1748195,2025-02-10T08:40:17.340Z,2025
1747897,2025-02-10T05:40:07.114Z,2025
1747811,2025-02-10T03:25:06.920Z,2025
1747231,2025-02-09T08:00:15.354Z,2025
1746920,2025-02-08T19:25:11.408Z,2025
1746595,2025-02-08T07:50:07.123Z,2025
1744941,2025-02-07T09:10:13.965Z,2025
1744908,2025-02-07T08:50:06.940Z,2025
1744377,2025-02-07T00:35:12.005Z,2025
1744305,2025-02-06T22:20:09.218Z,2025
1743765,2025-02-06T15:10:13.802Z,2025
1743419,2025-02-06T12:50:09.441Z,2025
1742036,2025-02-05T20:40:14.026Z,2025
1741260,2025-02-05T14:00:08.074Z,2025
1740155,2025-02-05T07:00:14.503Z,2025
1738906,2025-02-04T13:10:08.790Z,2025
1737994,2025-02-04T07:25:10.032Z,2025
1737841,2025-02-04T05:10:19.662Z,2025
1737788,2025-02-04T04:10:19.183Z,2025
1736951,2025-02-03T14:25:18.212Z,2025
1736638,2025-02-03T12:40:18.879Z,2025
1735821,2025-02-03T08:20:07.753Z,2025
1735423,2025-02-03T01:50:08.271Z,2025
1735413,2025-02-03T01:25:10.612Z,2025
1735399,2025-02-03T01:00:20.950Z,2025
